hotel_name,date_range,isAvailableOnListing,isAvailableOnHotelPage
Super Collection O Siolim Formerly Celeb Da Luna,10-09-2026 to 11-09-2026,True,False
Super Collection O Baga Beach Goa Formerly Traveller Guest House,10-09-2026 to 11-09-2026,True,True
Super Hotel O Dabolim Near Goa International Airport,10-09-2026 to 11-09-2026,True,False
Collection O Baga Beach Formerly Symphony Homes,10-09-2026 to 11-09-2026,True,True
Townhouse Calangute Formerly Hotel Horizon,10-09-2026 to 11-09-2026,True,False
Hotel O Calangute Beach Road Formerly Crystal Holiday Homes,10-09-2026 to 11-09-2026,True,True
Hotel O Porvorim,10-09-2026 to 11-09-2026,True,False
Super Collection O Holiday Street Calangute Formerly Shruti Resort,10-09-2026 to 11-09-2026,True,True
Hotel O Thivim Railway Station Formerly Silverline Villa,10-09-2026 to 11-09-2026,True,True
Super Townhouse Madgaon,10-09-2026 to 11-09-2026,True,True
Super Collection O Calangute,10-09-2026 to 11-09-2026,True,True
Collection O Sand Castles Miramar,10-09-2026 to 11-09-2026,True,True
Hotel O Calangute Beach Market Formerly Bella's Residency,10-09-2026 to 11-09-2026,True,True
Hotel O Baga Beachview Goa Formerly Ravai Guest House,10-09-2026 to 11-09-2026,True,True
Hotel O Porvorim Near Mall De Goa,10-09-2026 to 11-09-2026,True,True
Townhouse Margao Near Railway Station Formerly Hotel Tanish,10-09-2026 to 11-09-2026,True,True
[Day Stay - 8 AM to 8 PM] Collection O House Of Goa Museum,10-09-2026 to 11-09-2026,True,True
Flagship Club Nirvana Resort,10-09-2026 to 11-09-2026,True,True
Hotel O Arambol Inn Arambol Beach,10-09-2026 to 11-09-2026,True,True
Hotel O Omkar Guest House Near Immaculate Conception Church,10-09-2026 to 11-09-2026,True,True
